Id,Username,Firstname,Lastname,Displayname,Jobtitle,Department,Officenumber,Officephone,Mobilephone,Fax,Address,City,State Or Province,Zip Or Postal Code,Country Or Region
1000200,hris.Green@kronos.com,Chris,Green,Chris Green,It Manager,Information Technology,123451,123-555-1211,123-555-6641,123-555-9821,Microsoft Way,Redmond,Wa,98052,United States
1000201,Ben.Andrews@kronos.com,Ben,Andrews,Ben Andrews,It Manager,Information Technology,123452,123-555-1212,123-555-6642,123-555-9822,Microsoft Way,Redmond,Wa,98052,United States
1000202,David.Longmuir@kronos.com,David,Longmuir,David Longmuir,It Manager,Information Technology,123453,123-555-1213,123-555-6643,123-555-9823,Microsoft Way,Redmond,Wa,98052,United States
1000203,Cynthia.Carey@kronos.com,Cynthia,Carey,Cynthia Carey,It Manager,Information Technology,123454,123-555-1214,123-555-6644,123-555-9824,Microsoft Way,Redmond,Wa,98052,United States
1000204,Melissa.Macbeth@kronos.com,Melissa,Macbeth,Melissa Macbeth,It Manager,Information Technology,123455,123-555-1215,123-555-6645,123-555-9825,Microsoft Way,Redmond,Wa,98052,United States
1000205,Christopher.Greendoor@kronos.com,Christopher,Greendoor,Christopher Greendoor,It Manager,Information Technology,123451,123-555-1211,123-555-6646,123-555-9826,Microsoft Way,Redmond,Wa,98052,United States
1000206,Benjamin.Reinolds@kronos.com,Benjamin,Reinolds,Benjamin Reinolds,Software Engineer,Information Technology,123452,123-555-1212,123-555-6647,123-555-9827,Microsoft Way,Redmond,Wa,98052,United States
1000207,Danniel.Long@kronos.com,Danniel,Long,Danniel Long,Software Engineer,Information Technology,123453,123-555-1213,123-555-6648,123-555-9828,Microsoft Way,Redmond,Wa,98052,United States
1000208,Briggeth.Carson@kronos.com,Briggeth,Carson,Briggeth Carson,Software Engineer,Information Technology,123454,123-555-1214,123-555-6649,123-555-9829,Microsoft Way,Redmond,Wa,98052,United States
1000209,Mell.Macbeth@kronos.com,Mell,Macbeth,Melll Macbeth,Software Engineer,Information Technology,123455,123-555-1215,123-555-6650,123-555-9830,Microsoft Way,Redmond,Wa,98052,United States
1000210,Sturart.Bent@kronos.com,Stuart,Bent,Stuart Bent,Software Engineer,Information Technology,123456,123-555-1216,123-555-6651,123-555-9831,Microsoft Way,Redmond,Wa,98053,United States
1000211,Martha.Smith@kronos.com,Martha,Smith,Martha Smith,Software Engineer,Information Technology,123457,123-555-1217,123-555-6652,123-555-9832,Microsoft Way,Redmond,Wa,98054,United States
1000212,Alison.Johnson@kronos.com,Alison,Johnson,Alison Johnson,Software Engineer,Information Technology,123458,123-555-1218,123-555-6653,123-555-9833,Microsoft Way,Redmond,Wa,98055,United States
1000213,Elizabeth.Williams@kronos.com,Elizabeth,Williams,Elizabeth Williams,Software Engineer,Information Technology,123459,123-555-1219,123-555-6654,123-555-9834,Microsoft Way,Redmond,Wa,98056,United States
1000214,Emily.Brown@kronos.com,Emily,Brown,Emily Brown,Software Engineer,Information Technology,123460,123-555-1220,123-555-6655,123-555-9835,Microsoft Way,Redmond,Wa,98057,United States
1000215,Jane.Jones@kronos.com,Jane,Jones,Jane Jones,Qa Tester,Information Technology,123461,123-555-1221,123-555-6656,123-555-9836,Microsoft Way,Redmond,Wa,98058,United States
1000216,Jenna.Garcia@kronos.com,Jenna,García,Jenna García,Qa Tester,Information Technology,123462,123-555-1222,123-555-6657,123-555-9837,Microsoft Way,Redmond,Wa,98059,United States
1000217,Katherine.Miller@kronos.com,Katherine,Miller,Katherine Miller,Qa Tester,Information Technology,123463,123-555-1223,123-555-6658,123-555-9838,Microsoft Way,Redmond,Wa,98060,United States
1000218,Fait.Davis@kronos.com,Fait,Davis,Fait Davis,Qa Tester,Information Technology,123464,123-555-1224,123-555-6659,123-555-9839,Microsoft Way,Redmond,Wa,98061,United States
1000219,James.Smith@kronos.com,James,Smith,,Qa Tester,Information Technology,123465,123-555-1225,123-555-6660,123-555-9840,Microsoft Way,Redmond,Wa,98062,United States
1000220,Robert.Johnson@kronos.com,Robert,Johnson,,Qa Tester,Information Technology,123466,123-555-1226,123-555-6661,123-555-9841,Microsoft Way,Redmond,Wa,98063,United States
1000221,John.Williams@kronos.com,John,Williams,,Qa Tester,Information Technology,123467,123-555-1227,123-555-6662,123-555-9842,Microsoft Way,Redmond,Wa,98064,United States
1000222,Michael.Brown@kronos.com,Michael,Brown,,Qa Tester,Information Technology,123468,123-555-1228,123-555-6663,123-555-9843,Microsoft Way,Redmond,Wa,98065,United States
1000223,William.Jones@kronos.com,William,Jones,,Qa Tester,Information Technology,123469,123-555-1229,123-555-6664,123-555-9844,Microsoft Way,Redmond,Wa,98066,United States
1000224,David.Garcia@kronos.com,David,Garcia,,Qa Tester,Information Technology,123470,123-555-1230,123-555-6665,123-555-9845,Microsoft Way,Redmond,Wa,98067,United States
1000225,Richard.Miller@kronos.com,Richard,Miller,,Qa Tester,Information Technology,123471,123-555-1231,123-555-6666,123-555-9846,Microsoft Way,Redmond,Wa,98068,United States
1000226,Joseph.Davis@kronos.com,Joseph,Davis,,Qa Tester,Information Technology,123472,123-555-1232,123-555-6667,123-555-9847,Microsoft Way,Redmond,Wa,98069,United States
1000227,Thomas.Rodriguez@kronos.com,Thomas,Rodriguez,,Qa Tester,Information Technology,123473,123-555-1233,123-555-6668,123-555-9848,Microsoft Way,Redmond,Wa,98070,United States
1000228,Charles.Martinez@kronos.com,Charles,Martinez,,Qa Tester,Information Technology,123474,123-555-1234,123-555-6669,123-555-9849,Microsoft Way,Redmond,Wa,98071,United States
1000229,Christopher.Hernandez@kronos.com,Christopher,Hernandez,,Qa Tester,Information Technology,123475,123-555-1235,123-555-6670,123-555-9850,Microsoft Way,Redmond,Wa,98072,United States
1000230,Daniel.Lopez@kronos.com,Daniel,Lopez,,Qa Tester,Information Technology,123476,123-555-1236,123-555-6671,123-555-9851,Microsoft Way,Redmond,Wa,98073,United States
1000231,Matthew.Gonzales@kronos.com,Matthew,Gonzales,,Software Engineer,Information Technology,123477,123-555-1237,123-555-6672,123-555-9852,Microsoft Way,Redmond,Wa,98074,United States
1000232,Anthony.Wilson@kronos.com,Anthony,Wilson,,Software Engineer,Information Technology,123478,123-555-1238,123-555-6673,123-555-9853,Microsoft Way,Redmond,Wa,98075,United States
1000233,Mark.Anderson@kronos.com,Mark,Anderson,,Software Engineer,Information Technology,123479,123-555-1239,123-555-6674,123-555-9854,Microsoft Way,Redmond,Wa,98076,United States
1000234,Donald.Thomas@kronos.com,Donald,Thomas,,Software Engineer,Information Technology,123480,123-555-1240,123-555-6675,123-555-9855,Microsoft Way,Redmond,Wa,98077,United States
1000235,Steven.Taylor@kronos.com,Steven,Taylor,,Software Engineer,Information Technology,123481,123-555-1241,123-555-6676,123-555-9856,Microsoft Way,Redmond,Wa,98078,United States
1000236,Paul.Moore@kronos.com,Paul,Moore,,Software Engineer,Information Technology,123482,123-555-1242,123-555-6677,123-555-9857,Microsoft Way,Redmond,Wa,98079,United States
1000237,Andrew.Jackson@kronos.com,Andrew,Jackson,,Software Engineer,Information Technology,123483,123-555-1243,123-555-6678,123-555-9858,Microsoft Way,Redmond,Wa,98080,United States
1000238,Joshua.Martin@kronos.com,Joshua,Martin,,Software Engineer,Information Technology,123484,123-555-1244,123-555-6679,123-555-9859,Microsoft Way,Redmond,Wa,98081,United States
1000239,Kenneth.Lee@kronos.com,Kenneth,Lee,,Software Engineer,Information Technology,123485,123-555-1245,123-555-6680,123-555-9860,Microsoft Way,Redmond,Wa,98082,United States
1000240,Kevin.Perez@kronos.com,Kevin,Perez,,Recruiter,Human Resource Management.,123486,123-555-1246,123-555-6681,123-555-9861,Microsoft Way,Redmond,Wa,98083,United States
1000241,Brian.Thompson@kronos.com,Brian,Thompson,,Recruiter,Human Resource Management.,123487,123-555-1247,123-555-6682,123-555-9862,Microsoft Way,Redmond,Wa,98084,United States
1000242,George.White@kronos.com,George,White,,Recruiter,Human Resource Management.,123488,123-555-1248,123-555-6683,123-555-9863,Microsoft Way,Redmond,Wa,98085,United States
1000243,Edward.Harris@kronos.com,Edward,Harris,,Recruiter,Human Resource Management.,123489,123-555-1249,123-555-6684,123-555-9864,Microsoft Way,Redmond,Wa,98086,United States
1000244,Ronald.Sanchez@kronos.com,Ronald,Sanchez,,Recruiter,Human Resource Management.,123490,123-555-1250,123-555-6685,123-555-9865,Microsoft Way,Redmond,Wa,98087,United States
1000245,Timothy.Clark@kronos.com,Timothy,Clark,,Recruiter,Human Resource Management.,123491,123-555-1251,123-555-6686,123-555-9866,Microsoft Way,Redmond,Wa,98088,United States
1000246,Jason.Ramirez@kronos.com,Jason,Ramirez,,Recruiter,Human Resource Management.,123492,123-555-1252,123-555-6687,123-555-9867,Microsoft Way,Redmond,Wa,98089,United States
1000247,Jeffrey.Lewis@kronos.com,Jeffrey,Lewis,,Recruiter,Human Resource Management.,123493,123-555-1253,123-555-6688,123-555-9868,Microsoft Way,Redmond,Wa,98090,United States
1000248,Ryan.Robinson@kronos.com,Ryan,Robinson,,Recruiter,Human Resource Management.,123494,123-555-1254,123-555-6689,123-555-9869,Microsoft Way,Redmond,Wa,98091,United States
1000249,Jacob.Walker@kronos.com,Jacob,Walker,,Recruiter,Human Resource Management.,123495,123-555-1255,123-555-6690,123-555-9870,Microsoft Way,Redmond,Wa,98092,United States
1000250,Gary.Young@kronos.com,Gary,Young,,Recruiter,Human Resource Management.,123496,123-555-1256,123-555-6691,123-555-9871,Microsoft Way,Redmond,Wa,98093,United States
1000251,Nicholas.Allen@kronos.com,Nicholas,Allen,,Recruiter,Human Resource Management.,123497,123-555-1257,123-555-6692,123-555-9872,Microsoft Way,Redmond,Wa,98094,United States
1000252,Eric.King@kronos.com,Eric,King,,Recruiter,Human Resource Management.,123498,123-555-1258,123-555-6693,123-555-9873,Microsoft Way,Redmond,Wa,98095,United States
1000253,Jonathan.Wright@kronos.com,Jonathan,Wright,,Recruiter,Human Resource Management.,123499,123-555-1259,123-555-6694,123-555-9874,Microsoft Way,Redmond,Wa,98096,United States
1000254,Stephen.Scott@kronos.com,Stephen,Scott,,Recruiter,Human Resource Management.,123500,123-555-1260,123-555-6695,123-555-9875,Microsoft Way,Redmond,Wa,98097,United States
1000255,Larry.Torres@kronos.com,Larry,Torres,,Recruiter,Human Resource Management.,123501,123-555-1261,123-555-6696,123-555-9876,Microsoft Way,Redmond,Wa,98098,United States
1000256,Justin.Nguyen@kronos.com,Justin,Nguyen,,Recruiter,Human Resource Management.,123502,123-555-1262,123-555-6697,123-555-9877,Microsoft Way,Redmond,Wa,98099,United States
1000257,Scott.Hill@kronos.com,Scott,Hill,,Recruiter,Human Resource Management.,123503,123-555-1263,123-555-6698,123-555-9878,Microsoft Way,Redmond,Wa,98100,United States
1000258,Brandon.Flores@kronos.com,Brandon,Flores,,Recruiter,Human Resource Management.,123504,123-555-1264,123-555-6699,123-555-9879,Microsoft Way,Redmond,Wa,98101,United States
1000259,Benjamin.Green@kronos.com,Benjamin,Green,,Recruiter,Human Resource Management.,123505,123-555-1265,123-555-6700,123-555-9880,Microsoft Way,Redmond,Wa,98102,United States
1000260,Samuel.Adams@kronos.com,Samuel,Adams,,Recruiter,Human Resource Management.,123506,123-555-1266,123-555-6701,123-555-9881,Microsoft Way,Redmond,Wa,98103,United States
1000261,Gregory.Nelson@kronos.com,Gregory,Nelson,,Recruiter,Human Resource Management.,123507,123-555-1267,123-555-6702,123-555-9882,Microsoft Way,Redmond,Wa,98104,United States
1000262,Frank.Baker@kronos.com,Frank,Baker,,Recruiter,Human Resource Management.,123508,123-555-1268,123-555-6703,123-555-9883,Microsoft Way,Redmond,Wa,98105,United States
1000263,Alexander.Hall@kronos.com,Alexander,Hall,,Recruiter,Human Resource Management.,123509,123-555-1269,123-555-6704,123-555-9884,Microsoft Way,Redmond,Wa,98106,United States
1000264,Raymond.Rivera@kronos.com,Raymond,Rivera,,Recruiter,Human Resource Management.,123510,123-555-1270,123-555-6705,123-555-9885,Microsoft Way,Redmond,Wa,98107,United States
1000265,Patrick.Campbell@kronos.com,Patrick,Campbell,,Recruiter,Human Resource Management.,123511,123-555-1271,123-555-6706,123-555-9886,Microsoft Way,Redmond,Wa,98108,United States
1000266,Jack.Mitchell@kronos.com,Jack,Mitchell,,Recruiter,Human Resource Management.,123512,123-555-1272,123-555-6707,123-555-9887,Microsoft Way,Redmond,Wa,98109,United States
1000267,Dennis.Carter@kronos.com,Dennis,Carter,,Recruiter,Human Resource Management.,123513,123-555-1273,123-555-6708,123-555-9888,Microsoft Way,Redmond,Wa,98110,United States
1000268,Jerry.Roberts@kronos.com,Jerry,Roberts,,Accounting Manager,Accounting And Finance,123514,123-555-1274,123-555-6709,123-555-9889,Microsoft Way,Redmond,Wa,98111,United States
1000269,Tyler.Gomez@kronos.com,Tyler,Gomez,,Accounting Manager,Accounting And Finance,123515,123-555-1275,123-555-6710,123-555-9890,Microsoft Way,Redmond,Wa,98112,United States
1000270,Aaron.Phillips@kronos.com,Aaron,Phillips,,Accounting Manager,Accounting And Finance,123516,123-555-1276,123-555-6711,123-555-9891,Microsoft Way,Redmond,Wa,98113,United States
1000271,Jose.Evans@kronos.com,Jose,Evans,,Accounting Manager,Accounting And Finance,123517,123-555-1277,123-555-6712,123-555-9892,Microsoft Way,Redmond,Wa,98114,United States
1000272,Adam.Turner@kronos.com,Adam,Turner,,Accounting Manager,Accounting And Finance,123518,123-555-1278,123-555-6713,123-555-9893,Microsoft Way,Redmond,Wa,98115,United States
1000273,Henry.Diaz@kronos.com,Henry,Diaz,,Accounting Manager,Accounting And Finance,123519,123-555-1279,123-555-6714,123-555-9894,Microsoft Way,Redmond,Wa,98116,United States
1000274,Nathan.Parker@kronos.com,Nathan,Parker,,Accounting Manager,Accounting And Finance,123520,123-555-1280,123-555-6715,123-555-9895,Microsoft Way,Redmond,Wa,98117,United States
1000275,Douglas.Cruz@kronos.com,Douglas,Cruz,,Accounting Manager,Accounting And Finance,123521,123-555-1281,123-555-6716,123-555-9896,Microsoft Way,Redmond,Wa,98118,United States
1000276,Zachary.Edwards@kronos.com,Zachary,Edwards,,Accounting Manager,Accounting And Finance,123522,123-555-1282,123-555-6717,123-555-9897,Microsoft Way,Redmond,Wa,98119,United States
1000277,Peter.Collins@kronos.com,Peter,Collins,,Accounting Manager,Accounting And Finance,123523,123-555-1283,123-555-6718,123-555-9898,Microsoft Way,Redmond,Wa,98120,United States
1000278,Kyle.Reyes@kronos.com,Kyle,Reyes,,Accounting Manager,Accounting And Finance,123524,123-555-1284,123-555-6719,123-555-9899,Microsoft Way,Redmond,Wa,98121,United States
1000279,Walter.Stewart@kronos.com,Walter,Stewart,,Accounting Manager,Accounting And Finance,123525,123-555-1285,123-555-6720,123-555-9900,Microsoft Way,Redmond,Wa,98122,United States
1000280,Ethan.Morris@kronos.com,Ethan,Morris,,Accounting Manager,Accounting And Finance,123526,123-555-1286,123-555-6721,123-555-9901,Microsoft Way,Redmond,Wa,98123,United States
1000281,Jeremy.Morales@kronos.com,Jeremy,Morales,,Accounting Manager,Accounting And Finance,123527,123-555-1287,123-555-6722,123-555-9902,Microsoft Way,Redmond,Wa,98124,United States
1000282,Harold.Murphy@kronos.com,Harold,Murphy,,Accounting Manager,Accounting And Finance,123528,123-555-1288,123-555-6723,123-555-9903,Microsoft Way,Redmond,Wa,98125,United States
1000283,Keith.Cook@kronos.com,Keith,Cook,,Financial Analyst,Accounting And Finance,123529,123-555-1289,123-555-6724,123-555-9904,Microsoft Way,Redmond,Wa,98126,United States
1000284,Christian.Rogers@kronos.com,Christian,Rogers,,Financial Analyst,Accounting And Finance,123530,123-555-1290,123-555-6725,123-555-9905,Microsoft Way,Redmond,Wa,98127,United States
1000285,Roger.Gutierrez@kronos.com,Roger,Gutierrez,,Financial Analyst,Accounting And Finance,123531,123-555-1291,123-555-6726,123-555-9906,Microsoft Way,Redmond,Wa,98128,United States
1000286,Noah.Ortiz@kronos.com,Noah,Ortiz,,Financial Analyst,Accounting And Finance,123532,123-555-1292,123-555-6727,123-555-9907,Microsoft Way,Redmond,Wa,98129,United States
1000287,Gerald.Morgan@kronos.com,Gerald,Morgan,,Financial Analyst,Accounting And Finance,123533,123-555-1293,123-555-6728,123-555-9908,Microsoft Way,Redmond,Wa,98130,United States
1000288,Carl.Cooper@kronos.com,Carl,Cooper,,Financial Analyst,Accounting And Finance,123534,123-555-1294,123-555-6729,123-555-9909,Microsoft Way,Redmond,Wa,98131,United States
1000289,Terry.Peterson@kronos.com,Terry,Peterson,,Financial Analyst,Accounting And Finance,123535,123-555-1295,123-555-6730,123-555-9910,Microsoft Way,Redmond,Wa,98132,United States
1000290,Sean.Bailey@kronos.com,Sean,Bailey,,Financial Analyst,Accounting And Finance,123536,123-555-1296,123-555-6731,123-555-9911,Microsoft Way,Redmond,Wa,98133,United States
1000291,Austin.Reed@kronos.com,Austin,Reed,,Financial Analyst,Accounting And Finance,123537,123-555-1297,123-555-6732,123-555-9912,Microsoft Way,Redmond,Wa,98134,United States
1000292,Arthur.Kelly@kronos.com,Arthur,Kelly,,Financial Analyst,Accounting And Finance,123538,123-555-1298,123-555-6733,123-555-9913,Microsoft Way,Redmond,Wa,98135,United States
1000293,Lawrence.Howard@kronos.com,Lawrence,Howard,,Financial Analyst,Accounting And Finance,123539,123-555-1299,123-555-6734,123-555-9914,Microsoft Way,Redmond,Wa,98136,United States
1000294,Jesse.Ramos@kronos.com,Jesse,Ramos,,Financial Analyst,Accounting And Finance,123540,123-555-1300,123-555-6735,123-555-9915,Microsoft Way,Redmond,Wa,98137,United States
1000295,Dylan.Kim@kronos.com,Dylan,Kim,,Financial Analyst,Accounting And Finance,123541,123-555-1301,123-555-6736,123-555-9916,Microsoft Way,Redmond,Wa,98138,United States
1000296,Bryan.Cox@kronos.com,Bryan,Cox,,Financial Analyst,Accounting And Finance,123542,123-555-1302,123-555-6737,123-555-9917,Microsoft Way,Redmond,Wa,98139,United States
1000297,Joe.Ward@kronos.com,Joe,Ward,,Financial Analyst,Accounting And Finance,123543,123-555-1303,123-555-6738,123-555-9918,Microsoft Way,Redmond,Wa,98140,United States
1000298,Jordan.Richardson@kronos.com,Jordan,Richardson,,Financial Analyst,Accounting And Finance,123544,123-555-1304,123-555-6739,123-555-9919,Microsoft Way,Redmond,Wa,98141,United States
1000299,Billy.Watson@kronos.com,Billy,Watson,,Financial Analyst,Accounting And Finance,123545,123-555-1305,123-555-6740,123-555-9920,Microsoft Way,Redmond,Wa,98142,United States
1000300,Bruce.Brooks@kronos.com,Bruce,Brooks,,Financial Analyst,Accounting And Finance,123546,123-555-1306,123-555-6741,123-555-9921,Microsoft Way,Redmond,Wa,98143,United States
1000301,Albert.Chavez@kronos.com,Albert,Chavez,,Financial Analyst,Accounting And Finance,123547,123-555-1307,123-555-6742,123-555-9922,Microsoft Way,Redmond,Wa,98144,United States
1000302,Willie.Wood@kronos.com,Willie,Wood,,Product Specialist,Marketing,123548,123-555-1308,123-555-6743,123-555-9923,Microsoft Way,Redmond,Wa,98145,United States
1000303,Gabriel.James@kronos.com,Gabriel,James,,Product Specialist,Marketing,123549,123-555-1309,123-555-6744,123-555-9924,Microsoft Way,Redmond,Wa,98146,United States
1000304,Logan.Bennet@kronos.com,Logan,Bennet,,Product Specialist,Marketing,123550,123-555-1310,123-555-6745,123-555-9925,Microsoft Way,Redmond,Wa,98147,United States
1000305,Alan.Gray@kronos.com,Alan,Gray,,Product Specialist,Marketing,123551,123-555-1311,123-555-6746,123-555-9926,Microsoft Way,Redmond,Wa,98148,United States
1000306,Juan.Mendoza@kronos.com,Juan,Mendoza,,Product Specialist,Marketing,123552,123-555-1312,123-555-6747,123-555-9927,Microsoft Way,Redmond,Wa,98149,United States
1000307,Wayne.Ruiz@kronos.com,Wayne,Ruiz,,Product Specialist,Marketing,123553,123-555-1313,123-555-6748,123-555-9928,Microsoft Way,Redmond,Wa,98150,United States
1000308,Roy.Hughes@kronos.com,Roy,Hughes,,Product Specialist,Marketing,123554,123-555-1314,123-555-6749,123-555-9929,Microsoft Way,Redmond,Wa,98151,United States
1000309,Ralph.Price@kronos.com,Ralph,Price,,Product Specialist,Marketing,123555,123-555-1315,123-555-6750,123-555-9930,Microsoft Way,Redmond,Wa,98152,United States
1000310,Randy.Alvarez@kronos.com,Randy,Alvarez,,Product Specialist,Marketing,123556,123-555-1316,123-555-6751,123-555-9931,Microsoft Way,Redmond,Wa,98153,United States
1000311,Eugene.Castillo@kronos.com,Eugene,Castillo,,Product Specialist,Marketing,123557,123-555-1317,123-555-6752,123-555-9932,Microsoft Way,Redmond,Wa,98154,United States
1000312,Vincent.Sanders@kronos.com,Vincent,Sanders,,Product Specialist,Marketing,123558,123-555-1318,123-555-6753,123-555-9933,Microsoft Way,Redmond,Wa,98155,United States
1000313,Russell.Patel@kronos.com,Russell,Patel,,Product Specialist,Marketing,123559,123-555-1319,123-555-6754,123-555-9934,Microsoft Way,Redmond,Wa,98156,United States
1000314,Elijah.Myers@kronos.com,Elijah,Myers,,Product Specialist,Marketing,123560,123-555-1320,123-555-6755,123-555-9935,Microsoft Way,Redmond,Wa,98157,United States
1000315,Louis.Long@kronos.com,Louis,Long,,Product Specialist,Marketing,123561,123-555-1321,123-555-6756,123-555-9936,Microsoft Way,Redmond,Wa,98158,United States
1000316,Bobby.Ross@kronos.com,Bobby,Ross,,Product Specialist,Marketing,123562,123-555-1322,123-555-6757,123-555-9937,Microsoft Way,Redmond,Wa,98159,United States
1000317,Philip.Foster@kronos.com,Philip,Foster,,Product Specialist,Marketing,123563,123-555-1323,123-555-6758,123-555-9938,Microsoft Way,Redmond,Wa,98160,United States
1000318,Johnny.Jimenez@kronos.com,Johnny,Jimenez,,Product Specialist,Marketing,123564,123-555-1324,123-555-6759,123-555-9939,Microsoft Way,Redmond,Wa,98161,United States
1000319,Mary.Smith@kronos.com,Mary,Smith,,Product Specialist,Marketing,123565,123-555-1325,123-555-6760,123-555-9940,Microsoft Way,Redmond,Wa,98162,United States
1000320,Patricia.Jones@kronos.com,Patricia,Jones,,Marketing Manager,Marketing,123566,123-555-1326,123-555-6761,123-555-9941,Microsoft Way,Redmond,Wa,98163,United States
1000321,Jennifer.Williams@kronos.com,Jennifer,Williams,,Marketing Manager,Marketing,123567,123-555-1327,123-555-6762,123-555-9942,Microsoft Way,Redmond,Wa,98164,United States
1000322,Linda.Taylor@kronos.com,Linda,Taylor,,Marketing Manager,Marketing,123568,123-555-1328,123-555-6763,123-555-9943,Microsoft Way,Redmond,Wa,98165,United States
1000323,Elizabeth.Brown@kronos.com,Elizabeth,Brown,,Marketing Manager,Marketing,123569,123-555-1329,123-555-6764,123-555-9944,Microsoft Way,Redmond,Wa,98166,United States
1000324,Barbara.Davies@kronos.com,Barbara,Davies,,Marketing Manager,Marketing,123570,123-555-1330,123-555-6765,123-555-9945,Microsoft Way,Redmond,Wa,98167,United States
1000325,Susan.Evans@kronos.com,Susan,Evans,,Marketing Manager,Marketing,123571,123-555-1331,123-555-6766,123-555-9946,Microsoft Way,Redmond,Wa,98168,United States
1000326,Jessica.Wilson@kronos.com,Jessica,Wilson,,Marketing Manager,Marketing,123572,123-555-1332,123-555-6767,123-555-9947,Microsoft Way,Redmond,Wa,98169,United States
1000327,Sarah.Thomas@kronos.com,Sarah,Thomas,,Marketing Manager,Marketing,123573,123-555-1333,123-555-6768,123-555-9948,Microsoft Way,Redmond,Wa,98170,United States
1000328,Karen.Johnson@kronos.com,Karen,Johnson,,Marketing Manager,Marketing,123574,123-555-1334,123-555-6769,123-555-9949,Microsoft Way,Redmond,Wa,98171,United States
1000329,Nancy.Roberts@kronos.com,Nancy,Roberts,,Marketing Manager,Marketing,123575,123-555-1335,123-555-6770,123-555-9950,Microsoft Way,Redmond,Wa,98172,United States
1000330,Lisa.Robinson@kronos.com,Lisa,Robinson,,Marketing Manager,Marketing,123576,123-555-1336,123-555-6771,123-555-9951,Microsoft Way,Redmond,Wa,98173,United States
1000331,Betty.Thompson@kronos.com,Betty,Thompson,,Marketing Manager,Marketing,123577,123-555-1337,123-555-6772,123-555-9952,Microsoft Way,Redmond,Wa,98174,United States
1000332,Margaret.Wright@kronos.com,Margaret,Wright,,Software Engineer,Information Technology,123578,123-555-1338,123-555-6773,123-555-9953,Microsoft Way,Redmond,Wa,98175,United States
1000333,Sandra.Walker@kronos.com,Sandra,Walker,,Software Engineer,Information Technology,123579,123-555-1339,123-555-6774,123-555-9954,Microsoft Way,Redmond,Wa,98176,United States
1000334,Ashley.White@kronos.com,Ashley,White,,Software Engineer,Information Technology,123580,123-555-1340,123-555-6775,123-555-9955,Microsoft Way,Redmond,Wa,98177,United States
1000335,Kimberly.Edwards@kronos.com,Kimberly,Edwards,,Software Engineer,Information Technology,123581,123-555-1341,123-555-6776,123-555-9956,Microsoft Way,Redmond,Wa,98178,United States
1000336,Emily.Hughes@kronos.com,Emily,Hughes,,Software Engineer,Information Technology,123582,123-555-1342,123-555-6777,123-555-9957,Microsoft Way,Redmond,Wa,98179,United States
1000337,Donna.Green@kronos.com,Donna,Green,,Software Engineer,Information Technology,123583,123-555-1343,123-555-6778,123-555-9958,Microsoft Way,Redmond,Wa,98180,United States
1000338,Michelle.Hall@kronos.com,Michelle,Hall,,Software Engineer,Information Technology,123584,123-555-1344,123-555-6779,123-555-9959,Microsoft Way,Redmond,Wa,98181,United States
1000339,Dorothy.Lewis@kronos.com,Dorothy,Lewis,,Software Engineer,Information Technology,123585,123-555-1345,123-555-6780,123-555-9960,Microsoft Way,Redmond,Wa,98182,United States
1000340,Carol.Harris@kronos.com,Carol,Harris,,Software Engineer,Information Technology,123586,123-555-1346,123-555-6781,123-555-9961,Microsoft Way,Redmond,Wa,98183,United States
1000341,Amanda.Clarke@kronos.com,Amanda,Clarke,,Database Administrator,Information Technology,123587,123-555-1347,123-555-6782,123-555-9962,Microsoft Way,Redmond,Wa,98184,United States
1000342,Melissa.Patel@kronos.com,Melissa,Patel,,Database Administrator,Information Technology,123588,123-555-1348,123-555-6783,123-555-9963,Microsoft Way,Redmond,Wa,98185,United States
1000343,Deborah.Jackson@kronos.com,Deborah,Jackson,,Database Administrator,Information Technology,123589,123-555-1349,123-555-6784,123-555-9964,Microsoft Way,Redmond,Wa,98186,United States
1000344,Stephanie.Wood@kronos.com,Stephanie,Wood,,Database Administrator,Information Technology,123590,123-555-1350,123-555-6785,123-555-9965,Microsoft Way,Redmond,Wa,98187,United States
1000345,Rebecca.Turner@kronos.com,Rebecca,Turner,,Database Administrator,Information Technology,123591,123-555-1351,123-555-6786,123-555-9966,Microsoft Way,Redmond,Wa,98188,United States
1000346,Sharon.Martin@kronos.com,Sharon,Martin,,Database Administrator,Information Technology,123592,123-555-1352,123-555-6787,123-555-9967,Microsoft Way,Redmond,Wa,98189,United States
1000347,Laura.Cooper@kronos.com,Laura,Cooper,,Database Administrator,Information Technology,123593,123-555-1353,123-555-6788,123-555-9968,Microsoft Way,Redmond,Wa,98190,United States
1000348,Cynthia.Hill@kronos.com,Cynthia,Hill,,Database Administrator,Information Technology,123594,123-555-1354,123-555-6789,123-555-9969,Microsoft Way,Redmond,Wa,98191,United States
